-- phpMyAdmin SQL Dump
-- version 5.2.1
-- https://www.phpmyadmin.net/
--
-- Máy chủ: 127.0.0.1
-- Thời gian đã tạo: Th3 31, 2025 lúc 06:47 AM
-- Phiên bản máy phục vụ: 10.4.32-MariaDB
-- Phiên bản PHP: 8.2.12

SET SQL_MODE = "NO_AUTO_VALUE_ON_ZERO";
START TRANSACTION;
SET time_zone = "+00:00";


/*!40101 SET @OLD_CHARACTER_SET_CLIENT=@@CHARACTER_SET_CLIENT */;
/*!40101 SET @OLD_CHARACTER_SET_RESULTS=@@CHARACTER_SET_RESULTS */;
/*!40101 SET @OLD_COLLATION_CONNECTION=@@COLLATION_CONNECTION */;
/*!40101 SET NAMES utf8mb4 */;

--
-- Cơ sở dữ liệu: `dbhrm`
--

-- --------------------------------------------------------

--
-- Cấu trúc bảng cho bảng `calam`
--

CREATE TABLE `calam` (
  `maCL` int(11) NOT NULL,
  `tenCa` varchar(255) NOT NULL,
  `gioCheckInSom` int(11) NOT NULL,
  `gioCheckOutMuon` int(11) NOT NULL,
  `created_at` timestamp NULL DEFAULT NULL,
  `updated_at` timestamp NULL DEFAULT NULL
) ENGINE=InnoDB DEFAULT CHARSET=utf8 COLLATE=utf8_unicode_ci;

--
-- Đang đổ dữ liệu cho bảng `calam`
--

INSERT INTO `calam` (`maCL`, `tenCa`, `gioCheckInSom`, `gioCheckOutMuon`, `created_at`, `updated_at`) VALUES
(1, 'Overtime', 6, 1, '2025-03-30 09:45:12', '2025-03-30 09:45:12'),
(2, 'Fulltime', 2, 2, '2025-03-30 09:45:12', '2025-03-30 09:45:12'),
(3, 'Part-time', 1, 6, '2025-03-30 09:45:12', '2025-03-30 09:45:12');

-- --------------------------------------------------------

--
-- Cấu trúc bảng cho bảng `chitietcalam`
--

CREATE TABLE `chitietcalam` (
  `maCTCL` int(11) NOT NULL,
  `thuTrongTuan` int(11) NOT NULL,
  `tgBatDau` time NOT NULL,
  `tgKetThuc` time NOT NULL,
  `tgBatDauNghi` time DEFAULT NULL,
  `tgKetThucNghi` time DEFAULT NULL,
  `heSoLuong` decimal(5,2) NOT NULL DEFAULT 1.00,
  `tienThuong` decimal(10,2) NOT NULL DEFAULT 0.00,
  `maCL` int(11) NOT NULL,
  `created_at` timestamp NULL DEFAULT NULL,
  `updated_at` timestamp NULL DEFAULT NULL
) ENGINE=InnoDB DEFAULT CHARSET=utf8 COLLATE=utf8_unicode_ci;

--
-- Đang đổ dữ liệu cho bảng `chitietcalam`
--

INSERT INTO `chitietcalam` (`maCTCL`, `thuTrongTuan`, `tgBatDau`, `tgKetThuc`, `tgBatDauNghi`, `tgKetThucNghi`, `heSoLuong`, `tienThuong`, `maCL`, `created_at`, `updated_at`) VALUES
(1, 2, '08:00:00', '17:00:00', '12:00:00', '13:00:00', 1.00, 0.00, 1, '2025-03-30 09:45:12', '2025-03-30 09:45:12'),
(2, 3, '08:00:00', '17:00:00', '12:00:00', '13:00:00', 1.00, 0.00, 1, '2025-03-30 09:45:12', '2025-03-30 09:45:12'),
(3, 4, '08:00:00', '17:00:00', '12:00:00', '13:00:00', 1.00, 0.00, 1, '2025-03-30 09:45:12', '2025-03-30 09:45:12'),
(4, 5, '08:00:00', '17:00:00', '12:00:00', '13:00:00', 1.00, 0.00, 1, '2025-03-30 09:45:12', '2025-03-30 09:45:12'),
(5, 6, '08:00:00', '17:00:00', '12:00:00', '13:00:00', 1.00, 0.00, 1, '2025-03-30 09:45:12', '2025-03-30 09:45:12'),
(6, 2, '08:00:00', '17:00:00', '12:00:00', '13:00:00', 1.00, 0.00, 2, '2025-03-30 09:45:12', '2025-03-30 09:45:12'),
(7, 3, '08:00:00', '17:00:00', '12:00:00', '13:00:00', 1.00, 0.00, 2, '2025-03-30 09:45:12', '2025-03-30 09:45:12'),
(8, 4, '08:00:00', '17:00:00', '12:00:00', '13:00:00', 1.00, 0.00, 2, '2025-03-30 09:45:12', '2025-03-30 09:45:12');

-- --------------------------------------------------------

--
-- Cấu trúc bảng cho bảng `hopthoai`
--

CREATE TABLE `hopthoai` (
  `maHT` int(11) NOT NULL,
  `tieuDe` varchar(255) NOT NULL,
  `noiDung` text NOT NULL,
  `url` varchar(255) DEFAULT NULL,
  `soLanHienThi` int(11) NOT NULL DEFAULT 0,
  `tgBatDau` datetime DEFAULT NULL,
  `tgKetThuc` datetime DEFAULT NULL,
  `iconHienThi` varchar(255) DEFAULT NULL,
  `created_at` timestamp NULL DEFAULT NULL,
  `updated_at` timestamp NULL DEFAULT NULL
) ENGINE=InnoDB DEFAULT CHARSET=utf8 COLLATE=utf8_unicode_ci;

--
-- Đang đổ dữ liệu cho bảng `hopthoai`
--

INSERT INTO `hopthoai` (`maHT`, `tieuDe`, `noiDung`, `url`, `soLanHienThi`, `tgBatDau`, `tgKetThuc`, `iconHienThi`, `created_at`, `updated_at`) VALUES
(1, 'Laborum ratione repellendus consequatur delectus eum sit reiciendis et.', 'Consequuntur vel vel rem quia vitae alias. Quo consequuntur quaerat doloribus est exercitationem aut necessitatibus. Alias sapiente maiores et ab. Rerum quis velit tenetur ut.', NULL, 17, '2025-03-08 00:57:25', '2025-04-07 21:13:43', 'icons/default.png', '2025-03-30 09:45:12', '2025-03-30 09:45:12'),
(2, 'Sapiente culpa et qui minima aliquam.', 'Dolor beatae animi corporis eaque rerum itaque. Est quo dicta sit quis dolorem ut ut. Animi mollitia nihil qui. Pariatur exercitationem non labore alias.', 'http://www.boyle.com/aut-dicta-et-rerum-praesentium', 50, '2025-03-18 10:53:08', '2025-04-06 12:08:19', 'icons/default.png', '2025-03-30 09:45:12', '2025-03-30 09:45:12'),
(3, 'Voluptatem nobis voluptatum sit nesciunt eum et aut.', 'Libero similique quibusdam ut doloribus dolorem. Perspiciatis ab est et hic ut. Quo nihil est voluptates est suscipit. Repellat vel repellendus voluptas iure non eum adipisci.', 'http://www.hagenes.com/', 48, '2025-03-03 21:32:22', '2025-04-01 05:48:40', 'icons/default.png', '2025-03-30 09:45:12', '2025-03-30 09:45:12');

-- --------------------------------------------------------

--
-- Cấu trúc bảng cho bảng `lichlamviec`
--

CREATE TABLE `lichlamviec` (
  `maLLV` int(11) NOT NULL,
  `tenCa` varchar(50) NOT NULL,
  `ngayLamViec` date NOT NULL,
  `tgBatDau` time NOT NULL,
  `tgKetThuc` time NOT NULL,
  `tgBatDauNghi` time DEFAULT NULL,
  `tgKetThucNghi` time DEFAULT NULL,
  `tgCheckInSom` time DEFAULT NULL,
  `tgCheckOutMuon` time DEFAULT NULL,
  `heSoLuong` decimal(5,2) NOT NULL DEFAULT 1.00,
  `tienThuong` decimal(10,2) NOT NULL DEFAULT 0.00,
  `maNV` int(11) NOT NULL,
  `created_at` timestamp NULL DEFAULT NULL,
  `updated_at` timestamp NULL DEFAULT NULL
) ENGINE=InnoDB DEFAULT CHARSET=utf8 COLLATE=utf8_unicode_ci;

--
-- Đang đổ dữ liệu cho bảng `lichlamviec`
--

INSERT INTO `lichlamviec` (`maLLV`, `tenCa`, `ngayLamViec`, `tgBatDau`, `tgKetThuc`, `tgBatDauNghi`, `tgKetThucNghi`, `tgCheckInSom`, `tgCheckOutMuon`, `heSoLuong`, `tienThuong`, `maNV`, `created_at`, `updated_at`) VALUES
(1, 'Ca Chiều', '1986-01-13', '23:21:00', '22:53:00', '18:24:00', '01:01:00', '13:32:00', '03:24:00', 2.03, 557.79, 7, '2025-03-30 09:45:15', '2025-03-30 09:45:15'),
(2, 'Ca Chiều', '2009-07-30', '03:15:00', '01:47:00', '22:21:00', '05:36:00', '05:05:00', '21:30:00', 1.91, 840.80, 6, '2025-03-30 09:45:15', '2025-03-30 09:45:15'),
(3, 'Ca Đêm', '2007-08-16', '12:39:00', '06:06:00', '15:38:00', '17:31:00', '10:41:00', '02:21:00', 2.06, 691.00, 2, '2025-03-30 09:45:15', '2025-03-30 09:45:15'),
(4, 'Ca Sáng', '2007-05-12', '03:18:00', '01:03:00', '18:55:00', '19:59:00', '13:06:00', '17:00:00', 1.39, 996.56, 10, '2025-03-30 09:45:15', '2025-03-30 09:45:15'),
(5, 'Ca Sáng', '1971-08-08', '21:20:00', '23:12:00', '14:08:00', '17:05:00', '02:00:00', '02:02:00', 1.16, 752.91, 5, '2025-03-30 09:45:15', '2025-03-30 09:45:15'),
(6, 'Ca Chiều', '1984-07-15', '18:50:00', '22:52:00', '18:01:00', '19:40:00', '22:14:00', '05:55:00', 2.67, 116.20, 9, '2025-03-30 09:45:15', '2025-03-30 09:45:15'),
(7, 'Ca Chiều', '2017-12-26', '06:12:00', '02:20:00', '01:51:00', '20:53:00', '06:48:00', '05:11:00', 1.93, 886.69, 3, '2025-03-30 09:45:15', '2025-03-30 09:45:15'),
(8, 'Ca Đêm', '2016-05-20', '01:53:00', '04:51:00', '20:11:00', '13:24:00', '13:18:00', '01:13:00', 1.05, 153.42, 2, '2025-03-30 09:45:15', '2025-03-30 09:45:15'),
(9, 'Ca Đêm', '1987-10-14', '14:45:00', '17:00:00', '18:48:00', '10:20:00', '13:31:00', '16:02:00', 2.83, 102.81, 3, '2025-03-30 09:45:15', '2025-03-30 09:45:15'),
(10, 'Ca Chiều', '2003-05-02', '06:08:00', '09:57:00', '15:59:00', '22:25:00', '04:51:00', '00:31:00', 1.41, 503.81, 5, '2025-03-30 09:45:15', '2025-03-30 09:45:15'),
(11, 'Overtime', '2025-04-01', '08:00:00', '17:00:00', '12:00:00', '13:00:00', '02:00:00', '18:00:00', 1.00, 0.00, 2, '2025-03-30 09:45:54', '2025-03-30 09:45:54'),
(12, 'Overtime', '2025-04-02', '08:00:00', '17:00:00', '12:00:00', '13:00:00', '02:00:00', '18:00:00', 1.00, 0.00, 2, '2025-03-30 09:45:55', '2025-03-30 09:45:55'),
(13, 'Overtime', '2025-04-03', '08:00:00', '17:00:00', '12:00:00', '13:00:00', '02:00:00', '18:00:00', 1.00, 0.00, 2, '2025-03-30 09:45:55', '2025-03-30 09:45:55'),
(14, 'Overtime', '2025-04-04', '08:00:00', '17:00:00', '12:00:00', '13:00:00', '02:00:00', '18:00:00', 1.00, 0.00, 2, '2025-03-30 09:45:55', '2025-03-30 09:45:55'),
(15, 'Overtime', '2025-04-05', '08:00:00', '17:00:00', '12:00:00', '13:00:00', '02:00:00', '18:00:00', 1.00, 0.00, 2, '2025-03-30 09:45:55', '2025-03-30 09:45:55'),
(16, 'Fulltime', '2025-04-01', '08:00:00', '17:00:00', '12:00:00', '13:00:00', '06:00:00', '19:00:00', 1.00, 0.00, 3, '2025-03-30 09:46:44', '2025-03-30 09:46:44'),
(17, 'Fulltime', '2025-04-02', '08:00:00', '17:00:00', '12:00:00', '13:00:00', '06:00:00', '19:00:00', 1.00, 0.00, 3, '2025-03-30 09:46:44', '2025-03-30 09:46:44'),
(18, 'Fulltime', '2025-04-03', '08:00:00', '17:00:00', '12:00:00', '13:00:00', '06:00:00', '19:00:00', 1.00, 0.00, 3, '2025-03-30 09:46:44', '2025-03-30 09:46:44'),
(19, 'Overtime', '2025-04-01', '08:00:00', '17:00:00', '12:00:00', '13:00:00', '02:00:00', '18:00:00', 1.00, 0.00, 7, '2025-03-30 09:56:29', '2025-03-30 09:56:29'),
(20, 'Overtime', '2025-04-02', '08:00:00', '17:00:00', '12:00:00', '13:00:00', '02:00:00', '18:00:00', 1.00, 0.00, 7, '2025-03-30 09:56:29', '2025-03-30 09:56:29'),
(21, 'Overtime', '2025-04-03', '08:00:00', '17:00:00', '12:00:00', '13:00:00', '02:00:00', '18:00:00', 1.00, 0.00, 7, '2025-03-30 09:56:29', '2025-03-30 09:56:29'),
(22, 'Overtime', '2025-04-04', '08:00:00', '17:00:00', '12:00:00', '13:00:00', '02:00:00', '18:00:00', 1.00, 0.00, 7, '2025-03-30 09:56:29', '2025-03-30 09:56:29'),
(23, 'Overtime', '2025-04-05', '08:00:00', '17:00:00', '12:00:00', '13:00:00', '02:00:00', '18:00:00', 1.00, 0.00, 7, '2025-03-30 09:56:29', '2025-03-30 09:56:29'),
(24, 'Overtime', '2025-03-04', '08:00:00', '17:00:00', '12:00:00', '13:00:00', '02:00:00', '18:00:00', 1.00, 0.00, 2, '2025-03-30 10:06:00', '2025-03-30 10:06:00'),
(25, 'Overtime', '2025-03-11', '08:00:00', '17:00:00', '12:00:00', '13:00:00', '02:00:00', '18:00:00', 1.00, 0.00, 2, '2025-03-30 10:06:00', '2025-03-30 10:06:00'),
(26, 'Overtime', '2025-03-18', '08:00:00', '17:00:00', '12:00:00', '13:00:00', '02:00:00', '18:00:00', 1.00, 0.00, 2, '2025-03-30 10:06:00', '2025-03-30 10:06:00'),
(27, 'Overtime', '2025-03-25', '08:00:00', '17:00:00', '12:00:00', '13:00:00', '02:00:00', '18:00:00', 1.00, 0.00, 2, '2025-03-30 10:06:00', '2025-03-30 10:06:00'),
(28, 'Overtime', '2025-03-05', '08:00:00', '17:00:00', '12:00:00', '13:00:00', '02:00:00', '18:00:00', 1.00, 0.00, 2, '2025-03-30 10:06:00', '2025-03-30 10:06:00'),
(29, 'Overtime', '2025-03-12', '08:00:00', '17:00:00', '12:00:00', '13:00:00', '02:00:00', '18:00:00', 1.00, 0.00, 2, '2025-03-30 10:06:00', '2025-03-30 10:06:00'),
(30, 'Overtime', '2025-03-19', '08:00:00', '17:00:00', '12:00:00', '13:00:00', '02:00:00', '18:00:00', 1.00, 0.00, 2, '2025-03-30 10:06:00', '2025-03-30 10:06:00'),
(31, 'Overtime', '2025-03-26', '08:00:00', '17:00:00', '12:00:00', '13:00:00', '02:00:00', '18:00:00', 1.00, 0.00, 2, '2025-03-30 10:06:01', '2025-03-30 10:06:01'),
(32, 'Overtime', '2025-03-06', '08:00:00', '17:00:00', '12:00:00', '13:00:00', '02:00:00', '18:00:00', 1.00, 0.00, 2, '2025-03-30 10:06:01', '2025-03-30 10:06:01'),
(33, 'Overtime', '2025-03-13', '08:00:00', '17:00:00', '12:00:00', '13:00:00', '02:00:00', '18:00:00', 1.00, 0.00, 2, '2025-03-30 10:06:01', '2025-03-30 10:06:01'),
(34, 'Overtime', '2025-03-20', '08:00:00', '17:00:00', '12:00:00', '13:00:00', '02:00:00', '18:00:00', 1.00, 0.00, 2, '2025-03-30 10:06:01', '2025-03-30 10:06:01'),
(35, 'Overtime', '2025-03-27', '08:00:00', '17:00:00', '12:00:00', '13:00:00', '02:00:00', '18:00:00', 1.00, 0.00, 2, '2025-03-30 10:06:01', '2025-03-30 10:06:01'),
(36, 'Overtime', '2025-03-07', '08:00:00', '17:00:00', '12:00:00', '13:00:00', '02:00:00', '18:00:00', 1.00, 0.00, 2, '2025-03-30 10:06:01', '2025-03-30 10:06:01'),
(37, 'Overtime', '2025-03-14', '08:00:00', '17:00:00', '12:00:00', '13:00:00', '02:00:00', '18:00:00', 1.00, 0.00, 2, '2025-03-30 10:06:01', '2025-03-30 10:06:01'),
(38, 'Overtime', '2025-03-21', '08:00:00', '17:00:00', '12:00:00', '13:00:00', '02:00:00', '18:00:00', 1.00, 0.00, 2, '2025-03-30 10:06:02', '2025-03-30 10:06:02'),
(39, 'Overtime', '2025-03-28', '08:00:00', '17:00:00', '12:00:00', '13:00:00', '02:00:00', '18:00:00', 1.00, 0.00, 2, '2025-03-30 10:06:02', '2025-03-30 10:06:02'),
(40, 'Overtime', '2025-03-01', '08:00:00', '17:00:00', '12:00:00', '13:00:00', '02:00:00', '18:00:00', 1.00, 0.00, 2, '2025-03-30 10:06:02', '2025-03-30 10:06:02'),
(41, 'Overtime', '2025-03-08', '08:00:00', '17:00:00', '12:00:00', '13:00:00', '02:00:00', '18:00:00', 1.00, 0.00, 2, '2025-03-30 10:06:02', '2025-03-30 10:06:02'),
(42, 'Overtime', '2025-03-15', '08:00:00', '17:00:00', '12:00:00', '13:00:00', '02:00:00', '18:00:00', 1.00, 0.00, 2, '2025-03-30 10:06:02', '2025-03-30 10:06:02'),
(43, 'Overtime', '2025-03-22', '08:00:00', '17:00:00', '12:00:00', '13:00:00', '02:00:00', '18:00:00', 1.00, 0.00, 2, '2025-03-30 10:06:02', '2025-03-30 10:06:02'),
(44, 'Overtime', '2025-03-29', '08:00:00', '17:00:00', '12:00:00', '13:00:00', '02:00:00', '18:00:00', 1.00, 0.00, 2, '2025-03-30 10:06:02', '2025-03-30 10:06:02'),
(45, 'Fulltime', '2025-03-04', '08:00:00', '17:00:00', '12:00:00', '13:00:00', '06:00:00', '19:00:00', 1.00, 0.00, 9, '2025-03-30 10:06:47', '2025-03-30 10:06:47'),
(46, 'Fulltime', '2025-03-11', '08:00:00', '17:00:00', '12:00:00', '13:00:00', '06:00:00', '19:00:00', 1.00, 0.00, 9, '2025-03-30 10:06:48', '2025-03-30 10:06:48'),
(47, 'Fulltime', '2025-03-18', '08:00:00', '17:00:00', '12:00:00', '13:00:00', '06:00:00', '19:00:00', 1.00, 0.00, 9, '2025-03-30 10:06:48', '2025-03-30 10:06:48'),
(48, 'Fulltime', '2025-03-25', '08:00:00', '17:00:00', '12:00:00', '13:00:00', '06:00:00', '19:00:00', 1.00, 0.00, 9, '2025-03-30 10:06:48', '2025-03-30 10:06:48'),
(49, 'Fulltime', '2025-03-05', '08:00:00', '17:00:00', '12:00:00', '13:00:00', '06:00:00', '19:00:00', 1.00, 0.00, 9, '2025-03-30 10:06:49', '2025-03-30 10:06:49'),
(50, 'Fulltime', '2025-03-12', '08:00:00', '17:00:00', '12:00:00', '13:00:00', '06:00:00', '19:00:00', 1.00, 0.00, 9, '2025-03-30 10:06:49', '2025-03-30 10:06:49'),
(51, 'Fulltime', '2025-03-19', '08:00:00', '17:00:00', '12:00:00', '13:00:00', '06:00:00', '19:00:00', 1.00, 0.00, 9, '2025-03-30 10:06:49', '2025-03-30 10:06:49'),
(52, 'Fulltime', '2025-03-26', '08:00:00', '17:00:00', '12:00:00', '13:00:00', '06:00:00', '19:00:00', 1.00, 0.00, 9, '2025-03-30 10:06:49', '2025-03-30 10:06:49'),
(53, 'Fulltime', '2025-03-06', '08:00:00', '17:00:00', '12:00:00', '13:00:00', '06:00:00', '19:00:00', 1.00, 0.00, 9, '2025-03-30 10:06:50', '2025-03-30 10:06:50'),
(54, 'Fulltime', '2025-03-13', '08:00:00', '17:00:00', '12:00:00', '13:00:00', '06:00:00', '19:00:00', 1.00, 0.00, 9, '2025-03-30 10:06:50', '2025-03-30 10:06:50'),
(55, 'Fulltime', '2025-03-20', '08:00:00', '17:00:00', '12:00:00', '13:00:00', '06:00:00', '19:00:00', 1.00, 0.00, 9, '2025-03-30 10:06:50', '2025-03-30 10:06:50'),
(56, 'Fulltime', '2025-03-27', '08:00:00', '17:00:00', '12:00:00', '13:00:00', '06:00:00', '19:00:00', 1.00, 0.00, 9, '2025-03-30 10:06:51', '2025-03-30 10:06:51'),
(57, 'Overtime', '2025-03-04', '08:00:00', '17:00:00', '12:00:00', '13:00:00', '02:00:00', '18:00:00', 1.00, 0.00, 1, '2025-03-30 10:23:23', '2025-03-30 10:23:23'),
(58, 'Overtime', '2025-03-11', '08:00:00', '17:00:00', '12:00:00', '13:00:00', '02:00:00', '18:00:00', 1.00, 0.00, 1, '2025-03-30 10:23:23', '2025-03-30 10:23:23'),
(59, 'Overtime', '2025-03-18', '08:00:00', '17:00:00', '12:00:00', '13:00:00', '02:00:00', '18:00:00', 1.00, 0.00, 1, '2025-03-30 10:23:24', '2025-03-30 10:23:24'),
(60, 'Overtime', '2025-03-25', '08:00:00', '17:00:00', '12:00:00', '13:00:00', '02:00:00', '18:00:00', 1.00, 0.00, 1, '2025-03-30 10:23:24', '2025-03-30 10:23:24'),
(61, 'Overtime', '2025-03-05', '08:00:00', '17:00:00', '12:00:00', '13:00:00', '02:00:00', '18:00:00', 1.00, 0.00, 1, '2025-03-30 10:23:24', '2025-03-30 10:23:24'),
(62, 'Overtime', '2025-03-12', '08:00:00', '17:00:00', '12:00:00', '13:00:00', '02:00:00', '18:00:00', 1.00, 0.00, 1, '2025-03-30 10:23:25', '2025-03-30 10:23:25'),
(63, 'Overtime', '2025-03-19', '08:00:00', '17:00:00', '12:00:00', '13:00:00', '02:00:00', '18:00:00', 1.00, 0.00, 1, '2025-03-30 10:23:25', '2025-03-30 10:23:25'),
(64, 'Overtime', '2025-03-26', '08:00:00', '17:00:00', '12:00:00', '13:00:00', '02:00:00', '18:00:00', 1.00, 0.00, 1, '2025-03-30 10:23:25', '2025-03-30 10:23:25'),
(65, 'Overtime', '2025-03-06', '08:00:00', '17:00:00', '12:00:00', '13:00:00', '02:00:00', '18:00:00', 1.00, 0.00, 1, '2025-03-30 10:23:25', '2025-03-30 10:23:25'),
(66, 'Overtime', '2025-03-13', '08:00:00', '17:00:00', '12:00:00', '13:00:00', '02:00:00', '18:00:00', 1.00, 0.00, 1, '2025-03-30 10:23:26', '2025-03-30 10:23:26'),
(67, 'Overtime', '2025-03-20', '08:00:00', '17:00:00', '12:00:00', '13:00:00', '02:00:00', '18:00:00', 1.00, 0.00, 1, '2025-03-30 10:23:26', '2025-03-30 10:23:26'),
(68, 'Overtime', '2025-03-27', '08:00:00', '17:00:00', '12:00:00', '13:00:00', '02:00:00', '18:00:00', 1.00, 0.00, 1, '2025-03-30 10:23:26', '2025-03-30 10:23:26'),
(69, 'Overtime', '2025-03-07', '08:00:00', '17:00:00', '12:00:00', '13:00:00', '02:00:00', '18:00:00', 1.00, 0.00, 1, '2025-03-30 10:23:26', '2025-03-30 10:23:26'),
(70, 'Overtime', '2025-03-14', '08:00:00', '17:00:00', '12:00:00', '13:00:00', '02:00:00', '18:00:00', 1.00, 0.00, 1, '2025-03-30 10:23:27', '2025-03-30 10:23:27'),
(71, 'Overtime', '2025-03-21', '08:00:00', '17:00:00', '12:00:00', '13:00:00', '02:00:00', '18:00:00', 1.00, 0.00, 1, '2025-03-30 10:23:27', '2025-03-30 10:23:27'),
(72, 'Overtime', '2025-03-28', '08:00:00', '17:00:00', '12:00:00', '13:00:00', '02:00:00', '18:00:00', 1.00, 0.00, 1, '2025-03-30 10:23:27', '2025-03-30 10:23:27'),
(73, 'Overtime', '2025-03-01', '08:00:00', '17:00:00', '12:00:00', '13:00:00', '02:00:00', '18:00:00', 1.00, 0.00, 1, '2025-03-30 10:23:28', '2025-03-30 10:23:28'),
(74, 'Overtime', '2025-03-08', '08:00:00', '17:00:00', '12:00:00', '13:00:00', '02:00:00', '18:00:00', 1.00, 0.00, 1, '2025-03-30 10:23:28', '2025-03-30 10:23:28'),
(75, 'Overtime', '2025-03-15', '08:00:00', '17:00:00', '12:00:00', '13:00:00', '02:00:00', '18:00:00', 1.00, 0.00, 1, '2025-03-30 10:23:28', '2025-03-30 10:23:28'),
(76, 'Overtime', '2025-03-22', '08:00:00', '17:00:00', '12:00:00', '13:00:00', '02:00:00', '18:00:00', 1.00, 0.00, 1, '2025-03-30 10:23:28', '2025-03-30 10:23:28'),
(77, 'Overtime', '2025-03-29', '08:00:00', '17:00:00', '12:00:00', '13:00:00', '02:00:00', '18:00:00', 1.00, 0.00, 1, '2025-03-30 10:23:29', '2025-03-30 10:23:29'),
(78, 'Overtime', '2025-03-04', '08:00:00', '17:00:00', '12:00:00', '13:00:00', '02:00:00', '18:00:00', 1.00, 0.00, 10, '2025-03-30 10:26:56', '2025-03-30 10:26:56'),
(79, 'Overtime', '2025-03-11', '08:00:00', '17:00:00', '12:00:00', '13:00:00', '02:00:00', '18:00:00', 1.00, 0.00, 10, '2025-03-30 10:26:56', '2025-03-30 10:26:56'),
(80, 'Overtime', '2025-03-18', '08:00:00', '17:00:00', '12:00:00', '13:00:00', '02:00:00', '18:00:00', 1.00, 0.00, 10, '2025-03-30 10:26:56', '2025-03-30 10:26:56'),
(81, 'Overtime', '2025-03-25', '08:00:00', '17:00:00', '12:00:00', '13:00:00', '02:00:00', '18:00:00', 1.00, 0.00, 10, '2025-03-30 10:26:57', '2025-03-30 10:26:57'),
(82, 'Overtime', '2025-03-05', '08:00:00', '17:00:00', '12:00:00', '13:00:00', '02:00:00', '18:00:00', 1.00, 0.00, 10, '2025-03-30 10:26:57', '2025-03-30 10:26:57'),
(83, 'Overtime', '2025-03-12', '08:00:00', '17:00:00', '12:00:00', '13:00:00', '02:00:00', '18:00:00', 1.00, 0.00, 10, '2025-03-30 10:26:57', '2025-03-30 10:26:57'),
(84, 'Overtime', '2025-03-19', '08:00:00', '17:00:00', '12:00:00', '13:00:00', '02:00:00', '18:00:00', 1.00, 0.00, 10, '2025-03-30 10:26:58', '2025-03-30 10:26:58'),
(85, 'Overtime', '2025-03-26', '08:00:00', '17:00:00', '12:00:00', '13:00:00', '02:00:00', '18:00:00', 1.00, 0.00, 10, '2025-03-30 10:26:58', '2025-03-30 10:26:58'),
(86, 'Overtime', '2025-03-06', '08:00:00', '17:00:00', '12:00:00', '13:00:00', '02:00:00', '18:00:00', 1.00, 0.00, 10, '2025-03-30 10:26:58', '2025-03-30 10:26:58'),
(87, 'Overtime', '2025-03-13', '08:00:00', '17:00:00', '12:00:00', '13:00:00', '02:00:00', '18:00:00', 1.00, 0.00, 10, '2025-03-30 10:26:58', '2025-03-30 10:26:58'),
(88, 'Overtime', '2025-03-20', '08:00:00', '17:00:00', '12:00:00', '13:00:00', '02:00:00', '18:00:00', 1.00, 0.00, 10, '2025-03-30 10:26:59', '2025-03-30 10:26:59'),
(89, 'Overtime', '2025-03-27', '08:00:00', '17:00:00', '12:00:00', '13:00:00', '02:00:00', '18:00:00', 1.00, 0.00, 10, '2025-03-30 10:26:59', '2025-03-30 10:26:59'),
(90, 'Overtime', '2025-03-07', '08:00:00', '17:00:00', '12:00:00', '13:00:00', '02:00:00', '18:00:00', 1.00, 0.00, 10, '2025-03-30 10:26:59', '2025-03-30 10:26:59'),
(91, 'Overtime', '2025-03-14', '08:00:00', '17:00:00', '12:00:00', '13:00:00', '02:00:00', '18:00:00', 1.00, 0.00, 10, '2025-03-30 10:26:59', '2025-03-30 10:26:59'),
(92, 'Overtime', '2025-03-21', '08:00:00', '17:00:00', '12:00:00', '13:00:00', '02:00:00', '18:00:00', 1.00, 0.00, 10, '2025-03-30 10:27:00', '2025-03-30 10:27:00'),
(93, 'Overtime', '2025-03-28', '08:00:00', '17:00:00', '12:00:00', '13:00:00', '02:00:00', '18:00:00', 1.00, 0.00, 10, '2025-03-30 10:27:00', '2025-03-30 10:27:00'),
(94, 'Overtime', '2025-03-01', '08:00:00', '17:00:00', '12:00:00', '13:00:00', '02:00:00', '18:00:00', 1.00, 0.00, 10, '2025-03-30 10:27:00', '2025-03-30 10:27:00'),
(95, 'Overtime', '2025-03-08', '08:00:00', '17:00:00', '12:00:00', '13:00:00', '02:00:00', '18:00:00', 1.00, 0.00, 10, '2025-03-30 10:27:01', '2025-03-30 10:27:01'),
(96, 'Overtime', '2025-03-15', '08:00:00', '17:00:00', '12:00:00', '13:00:00', '02:00:00', '18:00:00', 1.00, 0.00, 10, '2025-03-30 10:27:01', '2025-03-30 10:27:01'),
(97, 'Overtime', '2025-03-22', '08:00:00', '17:00:00', '12:00:00', '13:00:00', '02:00:00', '18:00:00', 1.00, 0.00, 10, '2025-03-30 10:27:01', '2025-03-30 10:27:01'),
(98, 'Overtime', '2025-03-29', '08:00:00', '17:00:00', '12:00:00', '13:00:00', '02:00:00', '18:00:00', 1.00, 0.00, 10, '2025-03-30 10:27:01', '2025-03-30 10:27:01'),
(99, 'Ca Đêm 2', '2025-03-01', '08:00:00', '17:00:00', NULL, NULL, NULL, NULL, 1.00, 0.00, 3, '2025-03-30 10:28:19', '2025-03-30 10:28:19'),
(100, '23', '2025-03-01', '05:55:00', '05:13:00', NULL, NULL, NULL, NULL, 1.00, 0.00, 3, '2025-03-30 10:28:31', '2025-03-30 10:28:31'),
(101, 'Fulltime', '2025-03-04', '08:00:00', '17:00:00', '12:00:00', '13:00:00', '06:00:00', '19:00:00', 1.00, 0.00, 3, '2025-03-30 10:28:41', '2025-03-30 10:28:41'),
(102, 'Fulltime', '2025-03-11', '08:00:00', '17:00:00', '12:00:00', '13:00:00', '06:00:00', '19:00:00', 1.00, 0.00, 3, '2025-03-30 10:28:41', '2025-03-30 10:28:41'),
(103, 'Fulltime', '2025-03-18', '08:00:00', '17:00:00', '12:00:00', '13:00:00', '06:00:00', '19:00:00', 1.00, 0.00, 3, '2025-03-30 10:28:41', '2025-03-30 10:28:41'),
(104, 'Fulltime', '2025-03-25', '08:00:00', '17:00:00', '12:00:00', '13:00:00', '06:00:00', '19:00:00', 1.00, 0.00, 3, '2025-03-30 10:28:41', '2025-03-30 10:28:41'),
(105, 'Fulltime', '2025-03-05', '08:00:00', '17:00:00', '12:00:00', '13:00:00', '06:00:00', '19:00:00', 1.00, 0.00, 3, '2025-03-30 10:28:42', '2025-03-30 10:28:42'),
(106, 'Fulltime', '2025-03-12', '08:00:00', '17:00:00', '12:00:00', '13:00:00', '06:00:00', '19:00:00', 1.00, 0.00, 3, '2025-03-30 10:28:42', '2025-03-30 10:28:42'),
(107, 'Fulltime', '2025-03-19', '08:00:00', '17:00:00', '12:00:00', '13:00:00', '06:00:00', '19:00:00', 1.00, 0.00, 3, '2025-03-30 10:28:42', '2025-03-30 10:28:42'),
(108, 'Fulltime', '2025-03-26', '08:00:00', '17:00:00', '12:00:00', '13:00:00', '06:00:00', '19:00:00', 1.00, 0.00, 3, '2025-03-30 10:28:43', '2025-03-30 10:28:43'),
(109, 'Fulltime', '2025-03-06', '08:00:00', '17:00:00', '12:00:00', '13:00:00', '06:00:00', '19:00:00', 1.00, 0.00, 3, '2025-03-30 10:28:43', '2025-03-30 10:28:43'),
(110, 'Fulltime', '2025-03-13', '08:00:00', '17:00:00', '12:00:00', '13:00:00', '06:00:00', '19:00:00', 1.00, 0.00, 3, '2025-03-30 10:28:43', '2025-03-30 10:28:43'),
(111, 'Fulltime', '2025-03-20', '08:00:00', '17:00:00', '12:00:00', '13:00:00', '06:00:00', '19:00:00', 1.00, 0.00, 3, '2025-03-30 10:28:43', '2025-03-30 10:28:43'),
(112, 'Fulltime', '2025-03-27', '08:00:00', '17:00:00', '12:00:00', '13:00:00', '06:00:00', '19:00:00', 1.00, 0.00, 3, '2025-03-30 10:28:44', '2025-03-30 10:28:44'),
(113, 'Overtime', '2025-03-04', '08:00:00', '17:00:00', '12:00:00', '13:00:00', '02:00:00', '18:00:00', 1.00, 0.00, 3, '2025-03-30 10:28:52', '2025-03-30 10:28:52'),
(114, 'Overtime', '2025-03-11', '08:00:00', '17:00:00', '12:00:00', '13:00:00', '02:00:00', '18:00:00', 1.00, 0.00, 3, '2025-03-30 10:28:52', '2025-03-30 10:28:52'),
(115, 'Overtime', '2025-03-18', '08:00:00', '17:00:00', '12:00:00', '13:00:00', '02:00:00', '18:00:00', 1.00, 0.00, 3, '2025-03-30 10:28:52', '2025-03-30 10:28:52'),
(116, 'Overtime', '2025-03-25', '08:00:00', '17:00:00', '12:00:00', '13:00:00', '02:00:00', '18:00:00', 1.00, 0.00, 3, '2025-03-30 10:28:53', '2025-03-30 10:28:53'),
(117, 'Overtime', '2025-03-05', '08:00:00', '17:00:00', '12:00:00', '13:00:00', '02:00:00', '18:00:00', 1.00, 0.00, 3, '2025-03-30 10:28:53', '2025-03-30 10:28:53'),
(118, 'Overtime', '2025-03-12', '08:00:00', '17:00:00', '12:00:00', '13:00:00', '02:00:00', '18:00:00', 1.00, 0.00, 3, '2025-03-30 10:28:53', '2025-03-30 10:28:53'),
(119, 'Overtime', '2025-03-19', '08:00:00', '17:00:00', '12:00:00', '13:00:00', '02:00:00', '18:00:00', 1.00, 0.00, 3, '2025-03-30 10:28:53', '2025-03-30 10:28:53'),
(120, 'Overtime', '2025-03-26', '08:00:00', '17:00:00', '12:00:00', '13:00:00', '02:00:00', '18:00:00', 1.00, 0.00, 3, '2025-03-30 10:28:54', '2025-03-30 10:28:54'),
(121, 'Overtime', '2025-03-06', '08:00:00', '17:00:00', '12:00:00', '13:00:00', '02:00:00', '18:00:00', 1.00, 0.00, 3, '2025-03-30 10:28:54', '2025-03-30 10:28:54'),
(122, 'Overtime', '2025-03-13', '08:00:00', '17:00:00', '12:00:00', '13:00:00', '02:00:00', '18:00:00', 1.00, 0.00, 3, '2025-03-30 10:28:54', '2025-03-30 10:28:54'),
(123, 'Overtime', '2025-03-20', '08:00:00', '17:00:00', '12:00:00', '13:00:00', '02:00:00', '18:00:00', 1.00, 0.00, 3, '2025-03-30 10:28:54', '2025-03-30 10:28:54'),
(124, 'Overtime', '2025-03-27', '08:00:00', '17:00:00', '12:00:00', '13:00:00', '02:00:00', '18:00:00', 1.00, 0.00, 3, '2025-03-30 10:28:55', '2025-03-30 10:28:55'),
(125, 'Overtime', '2025-03-07', '08:00:00', '17:00:00', '12:00:00', '13:00:00', '02:00:00', '18:00:00', 1.00, 0.00, 3, '2025-03-30 10:28:55', '2025-03-30 10:28:55'),
(126, 'Overtime', '2025-03-14', '08:00:00', '17:00:00', '12:00:00', '13:00:00', '02:00:00', '18:00:00', 1.00, 0.00, 3, '2025-03-30 10:28:55', '2025-03-30 10:28:55'),
(127, 'Overtime', '2025-03-21', '08:00:00', '17:00:00', '12:00:00', '13:00:00', '02:00:00', '18:00:00', 1.00, 0.00, 3, '2025-03-30 10:28:55', '2025-03-30 10:28:55'),
(128, 'Overtime', '2025-03-28', '08:00:00', '17:00:00', '12:00:00', '13:00:00', '02:00:00', '18:00:00', 1.00, 0.00, 3, '2025-03-30 10:28:56', '2025-03-30 10:28:56'),
(129, 'Overtime', '2025-03-01', '08:00:00', '17:00:00', '12:00:00', '13:00:00', '02:00:00', '18:00:00', 1.00, 0.00, 3, '2025-03-30 10:28:56', '2025-03-30 10:28:56'),
(130, 'Overtime', '2025-03-08', '08:00:00', '17:00:00', '12:00:00', '13:00:00', '02:00:00', '18:00:00', 1.00, 0.00, 3, '2025-03-30 10:28:56', '2025-03-30 10:28:56'),
(131, 'Overtime', '2025-03-15', '08:00:00', '17:00:00', '12:00:00', '13:00:00', '02:00:00', '18:00:00', 1.00, 0.00, 3, '2025-03-30 10:28:56', '2025-03-30 10:28:56'),
(132, 'Overtime', '2025-03-22', '08:00:00', '17:00:00', '12:00:00', '13:00:00', '02:00:00', '18:00:00', 1.00, 0.00, 3, '2025-03-30 10:28:57', '2025-03-30 10:28:57'),
(133, 'Overtime', '2025-03-29', '08:00:00', '17:00:00', '12:00:00', '13:00:00', '02:00:00', '18:00:00', 1.00, 0.00, 3, '2025-03-30 10:28:57', '2025-03-30 10:28:57');

-- --------------------------------------------------------

--
-- Cấu trúc bảng cho bảng `luong`
--

CREATE TABLE `luong` (
  `maLuong` int(11) NOT NULL,
  `kieuLuong` enum('Lương giờ có trừ trễ','Lương giờ không trừ trễ','Lương giờ làm bao nhiêu tính bấy nhiêu','Lương tháng có trừ trễ','Lương tháng không trừ trễ','Lương tháng làm bao nhiêu tính bấy nhiêu') NOT NULL,
  `created_at` timestamp NULL DEFAULT NULL,
  `updated_at` timestamp NULL DEFAULT NULL
) ENGINE=InnoDB DEFAULT CHARSET=utf8 COLLATE=utf8_unicode_ci;

--
-- Đang đổ dữ liệu cho bảng `luong`
--

INSERT INTO `luong` (`maLuong`, `kieuLuong`, `created_at`, `updated_at`) VALUES
(1, 'Lương giờ có trừ trễ', '2025-03-30 09:45:13', '2025-03-30 09:45:13'),
(2, 'Lương giờ không trừ trễ', '2025-03-30 09:45:13', '2025-03-30 09:45:13'),
(3, 'Lương giờ làm bao nhiêu tính bấy nhiêu', '2025-03-30 09:45:13', '2025-03-30 09:45:13'),
(4, 'Lương tháng có trừ trễ', '2025-03-30 09:45:13', '2025-03-30 09:45:13'),
(5, 'Lương tháng không trừ trễ', '2025-03-30 09:45:13', '2025-03-30 09:45:13'),
(6, 'Lương tháng làm bao nhiêu tính bấy nhiêu', '2025-03-30 09:45:13', '2025-03-30 09:45:13');

-- --------------------------------------------------------

--
-- Cấu trúc bảng cho bảng `ngayle`
--

CREATE TABLE `ngayle` (
  `maNL` int(11) NOT NULL,
  `tieuDe` varchar(255) NOT NULL,
  `tgBatDau` datetime NOT NULL,
  `tgKetThuc` datetime NOT NULL,
  `mauSac` varchar(255) NOT NULL DEFAULT '#FF0000',
  `created_at` timestamp NULL DEFAULT NULL,
  `updated_at` timestamp NULL DEFAULT NULL
) ENGINE=InnoDB DEFAULT CHARSET=utf8 COLLATE=utf8_unicode_ci;

--
-- Đang đổ dữ liệu cho bảng `ngayle`
--

INSERT INTO `ngayle` (`maNL`, `tieuDe`, `tgBatDau`, `tgKetThuc`, `mauSac`, `created_at`, `updated_at`) VALUES
(1, 'Officiis praesentium reprehenderit.', '2025-04-29 01:43:55', '2025-04-30 01:43:55', '#5dffee', '2025-03-30 09:45:12', '2025-03-30 09:45:12'),
(2, 'Quis eaque expedita omnis.', '2025-09-14 19:15:07', '2025-09-15 19:15:07', '#cefaf3', '2025-03-30 09:45:12', '2025-03-30 09:45:12'),
(3, 'Harum et soluta non maiores.', '2025-06-15 22:01:19', '2025-06-16 22:01:19', '#cc3063', '2025-03-30 09:45:12', '2025-03-30 09:45:12'),
(4, 'Voluptatum et.', '2025-10-31 20:26:20', '2025-11-01 20:26:20', '#54b88a', '2025-03-30 09:45:12', '2025-03-30 09:45:12'),
(5, 'Aliquam itaque amet voluptas.', '2025-06-10 06:11:23', '2025-06-11 06:11:23', '#cdfea4', '2025-03-30 09:45:12', '2025-03-30 09:45:12');

-- --------------------------------------------------------

--
-- Cấu trúc bảng cho bảng `nhanvien`
--

CREATE TABLE `nhanvien` (
  `maNV` int(11) NOT NULL,
  `hoTen` varchar(50) DEFAULT NULL,
  `chucDanh` varchar(255) DEFAULT NULL,
  `soDienThoai` varchar(20) DEFAULT NULL,
  `email` varchar(50) DEFAULT NULL,
  `gioiTinh` enum('Nam','Nữ','Khác') DEFAULT NULL,
  `ngayVaoLam` date DEFAULT NULL,
  `tienLuong` decimal(15,2) DEFAULT NULL,
  `ngaySinh` date DEFAULT NULL,
  `trangThai` tinyint(1) NOT NULL,
  `maTK` int(11) NOT NULL,
  `maLuong` int(11) NOT NULL,
  `created_at` timestamp NULL DEFAULT NULL,
  `updated_at` timestamp NULL DEFAULT NULL
) ENGINE=InnoDB DEFAULT CHARSET=utf8 COLLATE=utf8_unicode_ci;

--
-- Đang đổ dữ liệu cho bảng `nhanvien`
--

INSERT INTO `nhanvien` (`maNV`, `hoTen`, `chucDanh`, `soDienThoai`, `email`, `gioiTinh`, `ngayVaoLam`, `tienLuong`, `ngaySinh`, `trangThai`, `maTK`, `maLuong`, `created_at`, `updated_at`) VALUES
(1, 'Marvin Hermann', 'Photographer', '502.278.6971', 'amara.stehr@example.org', 'Nam', '2025-03-30', 40718941.73, NULL, 1, 1, 1, '2025-03-30 09:45:15', '2025-03-30 09:45:15'),
(2, 'Ivory Gerhold', 'Furnace Operator', '1-351-309-4495', 'ankunding.lexi@example.com', 'Nam', '2025-03-30', 14527775.12, '1997-12-15', 0, 2, 1, '2025-03-30 09:45:15', '2025-03-30 09:45:15'),
(3, 'Keith Friesen', 'Fish Hatchery Manager', '1-650-769-3198', 'joany89@example.net', 'Nữ', '2025-03-30', 41665813.81, NULL, 1, 3, 2, '2025-03-30 09:45:15', '2025-03-30 09:45:15'),
(4, 'Joyce Turcotte Jr.', 'Claims Examiner', '480.796.7648', 'tbednar@example.com', 'Nam', '2025-03-30', 35036094.10, NULL, 0, 4, 5, '2025-03-30 09:45:15', '2025-03-30 09:45:15'),
(5, 'Rahul Rutherford III', 'Shoe and Leather Repairer', '810.315.1181', 'abosco@example.net', 'Nam', '2025-03-30', 45875909.71, '1991-03-14', 0, 5, 6, '2025-03-30 09:45:15', '2025-03-30 09:45:15'),
(6, 'Dr. Morgan Blanda Jr.', 'Physical Therapist Aide', '1-334-530-2054', 'june.braun@example.org', 'Nữ', '2025-03-30', 35837080.77, '2010-01-29', 1, 6, 3, '2025-03-30 09:45:15', '2025-03-30 09:45:15'),
(7, 'Brain Howell', 'Jeweler', '541-693-1223', 'block.linnie@example.net', 'Khác', '2025-03-30', 38853824.33, '2003-03-02', 1, 7, 1, '2025-03-30 09:45:15', '2025-03-30 09:45:15'),
(8, 'Jakob Kuhlman', 'Clinical School Psychologist', '559.218.8651', 'qhill@example.com', 'Nữ', '2025-03-30', 48521459.46, '2010-02-26', 0, 8, 3, '2025-03-30 09:45:15', '2025-03-30 09:45:15'),
(9, 'Mr. Justice Wilderman', 'Transportation Attendant', '1-571-707-8422', 'cayla74@example.org', 'Nữ', '2025-03-30', 46211510.21, NULL, 1, 9, 1, '2025-03-30 09:45:15', '2025-03-30 09:45:15'),
(10, 'Mrs. Jewel Kilback', 'HVAC Mechanic', '314.207.9260', 'bhalvorson@example.net', 'Khác', '2025-03-30', 10503924.66, NULL, 1, 10, 6, '2025-03-30 09:45:15', '2025-03-30 09:45:15');

-- --------------------------------------------------------

--
-- Cấu trúc bảng cho bảng `taikhoan`
--

CREATE TABLE `taikhoan` (
  `maTK` int(11) NOT NULL,
  `tenTaiKhoan` varchar(50) NOT NULL,
  `matKhau` varchar(100) NOT NULL,
  `quyenHan` enum('admin','user') NOT NULL DEFAULT 'user',
  `created_at` timestamp NULL DEFAULT NULL,
  `updated_at` timestamp NULL DEFAULT NULL
) ENGINE=InnoDB DEFAULT CHARSET=utf8 COLLATE=utf8_unicode_ci;

--
-- Đang đổ dữ liệu cho bảng `taikhoan`
--

INSERT INTO `taikhoan` (`maTK`, `tenTaiKhoan`, `matKhau`, `quyenHan`, `created_at`, `updated_at`) VALUES
(1, 'oswald.kiehn', '$2y$12$0VRzVB26W1UfRCVVmq282uCQGCNweSJ1g7YObksj2wRAjF1j8UuTq', 'user', '2025-03-30 09:45:15', '2025-03-30 09:45:15'),
(2, 'victoria.ritchie', '$2y$12$LLUX.TQD0sHT0TuzWx3moOxF79EAmOzAfJ8uyupEjKU/yovOiiEbK', 'admin', '2025-03-30 09:45:15', '2025-03-30 09:45:15'),
(3, 'erling84', '$2y$12$DwzTCFWsbl9pft0ukrd9h.wuJ/7gsNlno7wFheK84HAB9dIei.29O', 'user', '2025-03-30 09:45:15', '2025-03-30 09:45:15'),
(4, 'axel09', '$2y$12$e5T44ES8LLTYMBRNpUiwlOSUlYZWC4J.NpTYSAtARAMGn6mksCvY2', 'user', '2025-03-30 09:45:15', '2025-03-30 09:45:15'),
(5, 'schowalter.noah', '$2y$12$nqIgrPjC7fiDscK9PF9.3uKKjiSCKJFpFliyuVQexqaYXylKTRzNW', 'user', '2025-03-30 09:45:15', '2025-03-30 09:45:15'),
(6, 'germaine58', '$2y$12$ObAgmXxlggCT2cZlF0qPMu/pfNsrEfxlrUU9TFuM4D2wHBQ8eFyoG', 'user', '2025-03-30 09:45:15', '2025-03-30 09:45:15'),
(7, 'larson.julianne', '$2y$12$kqclULlEkHDmtNlqG4KvzOGJW/oJ/LcD5OccL1lyZH2Qe1l.xHvSq', 'admin', '2025-03-30 09:45:15', '2025-03-30 09:45:15'),
(8, 'pattie.durgan', '$2y$12$N01IBFfybXFzM1273FTw7evWF4jBFeksKdP1.Iy3XYd3oSGvlh8uO', 'user', '2025-03-30 09:45:15', '2025-03-30 09:45:15'),
(9, 'brooke.harvey', '$2y$12$3mzNNoh4epf7wM5ChimLBOmpeYNxENoARuWogY66EjYRzxFV3oVl.', 'user', '2025-03-30 09:45:15', '2025-03-30 09:45:15'),
(10, 'cjacobs', '$2y$12$tFVHvo3M/WRImgIuvvQEcOxVn8iljFhLUlWGuYzlVjkOYcpZYVFp.', 'user', '2025-03-30 09:45:15', '2025-03-30 09:45:15');

-- --------------------------------------------------------

--
-- Cấu trúc bảng cho bảng `tailieu`
--

CREATE TABLE `tailieu` (
  `maTL` int(11) NOT NULL,
  `tieuDe` varchar(255) NOT NULL,
  `url` varchar(255) NOT NULL,
  `tgBatDau` datetime NOT NULL,
  `tgKetThuc` datetime NOT NULL,
  `created_at` timestamp NULL DEFAULT NULL,
  `updated_at` timestamp NULL DEFAULT NULL
) ENGINE=InnoDB DEFAULT CHARSET=utf8 COLLATE=utf8_unicode_ci;

--
-- Đang đổ dữ liệu cho bảng `tailieu`
--

INSERT INTO `tailieu` (`maTL`, `tieuDe`, `url`, `tgBatDau`, `tgKetThuc`, `created_at`, `updated_at`) VALUES
(1, 'Dignissimos iusto facilis repellat consequuntur illum quo.', 'http://konopelski.com/qui-a-harum-facilis', '2025-03-30 16:45:13', '2025-03-31 16:45:13', '2025-03-30 09:45:13', '2025-03-30 09:45:13'),
(2, 'Praesentium qui rerum ea vero enim tempore eum.', 'http://www.roberts.com/sed-aliquid-et-voluptatem-quam-vitae-impedit-veritatis-explicabo.html', '2025-03-30 16:45:13', '2025-04-09 16:45:13', '2025-03-30 09:45:13', '2025-03-30 09:45:13'),
(3, 'Dicta facilis officia laudantium sit aut est deleniti facere.', 'http://gaylord.info/officia-aut-explicabo-inventore-reiciendis', '2025-03-30 16:45:13', '2025-04-07 16:45:13', '2025-03-30 09:45:13', '2025-03-30 09:45:13'),
(4, 'Quo quis optio et ratione atque et.', 'https://weissnat.com/eaque-voluptatibus-omnis-tenetur-placeat.html', '2025-03-30 16:45:13', '2025-04-07 16:45:13', '2025-03-30 09:45:13', '2025-03-30 09:45:13'),
(5, 'Cum molestiae provident laboriosam enim.', 'http://ritchie.net/', '2025-03-30 16:45:13', '2025-04-03 16:45:13', '2025-03-30 09:45:13', '2025-03-30 09:45:13'),
(6, 'Mollitia et occaecati perspiciatis sit laboriosam illo ut quam.', 'http://www.walter.com/culpa-deleniti-in-nobis-aut-repellendus.html', '2025-03-30 16:45:13', '2025-04-06 16:45:13', '2025-03-30 09:45:13', '2025-03-30 09:45:13'),
(7, 'Qui facilis qui illum sint.', 'http://www.waelchi.com/vitae-dolor-recusandae-consequatur-blanditiis-officia-placeat-at-ut', '2025-03-30 16:45:13', '2025-04-03 16:45:13', '2025-03-30 09:45:13', '2025-03-30 09:45:13'),
(8, 'Quis aut tempore non minima nisi.', 'http://schmeler.org/neque-ut-ullam-perspiciatis-qui.html', '2025-03-30 16:45:13', '2025-04-05 16:45:13', '2025-03-30 09:45:13', '2025-03-30 09:45:13'),
(9, 'Perspiciatis vero vitae commodi voluptatem.', 'http://walker.com/alias-atque-aliquam-veniam', '2025-03-30 16:45:13', '2025-03-31 16:45:13', '2025-03-30 09:45:13', '2025-03-30 09:45:13'),
(10, 'Sequi iure ipsa facilis.', 'http://rempel.com/eos-impedit-qui-ea-velit-commodi-odit-ab', '2025-03-30 16:45:13', '2025-04-09 16:45:13', '2025-03-30 09:45:13', '2025-03-30 09:45:13');

-- --------------------------------------------------------

--
-- Cấu trúc bảng cho bảng `thanhtoan`
--

CREATE TABLE `thanhtoan` (
  `maTT` int(11) NOT NULL,
  `tenDVhoacNH` varchar(255) NOT NULL,
  `soDThoacSTK` varchar(255) NOT NULL,
  `tenChuTaiKhoan` varchar(255) NOT NULL,
  `hinhAnh` varchar(255) DEFAULT NULL,
  `maNV` int(11) NOT NULL,
  `created_at` timestamp NULL DEFAULT NULL,
  `updated_at` timestamp NULL DEFAULT NULL
) ENGINE=InnoDB DEFAULT CHARSET=utf8 COLLATE=utf8_unicode_ci;

--
-- Đang đổ dữ liệu cho bảng `thanhtoan`
--

INSERT INTO `thanhtoan` (`maTT`, `tenDVhoacNH`, `soDThoacSTK`, `tenChuTaiKhoan`, `hinhAnh`, `maNV`, `created_at`, `updated_at`) VALUES
(1, 'Techcombank', '1424872714', 'Ms. Florida Koepp MD', 'https://via.placeholder.com/200x200.png/000055?text=finance+QR+Code+qui', 1, '2025-03-30 09:45:15', '2025-03-30 09:45:15'),
(2, 'ZaloPay', '1649256268', 'Rowena Muller PhD', 'https://via.placeholder.com/200x200.png/002299?text=finance+QR+Code+ut', 1, '2025-03-30 09:45:15', '2025-03-30 09:45:15'),
(3, 'Momo', '0678998483', 'Duane Stokes', 'https://via.placeholder.com/200x200.png/0033aa?text=finance+QR+Code+soluta', 1, '2025-03-30 09:45:15', '2025-03-30 09:45:15'),
(4, 'ZaloPay', '3678288799', 'Miss Sandy Carroll PhD', 'https://via.placeholder.com/200x200.png/002233?text=finance+QR+Code+dolorem', 2, '2025-03-30 09:45:15', '2025-03-30 09:45:15'),
(5, 'Vietcombank', '8826982780', 'Laurence Robel', 'https://via.placeholder.com/200x200.png/00ff44?text=finance+QR+Code+provident', 3, '2025-03-30 09:45:15', '2025-03-30 09:45:15'),
(6, 'BIDV', '0758656359', 'Dr. Erick Bode V', 'https://via.placeholder.com/200x200.png/00ff99?text=finance+QR+Code+quisquam', 4, '2025-03-30 09:45:15', '2025-03-30 09:45:15'),
(7, 'BIDV', '6608863419', 'Brandon Kohler', 'https://via.placeholder.com/200x200.png/00ee44?text=finance+QR+Code+at', 4, '2025-03-30 09:45:15', '2025-03-30 09:45:15'),
(8, 'BIDV', '2462296403', 'Mr. Kevin Schowalter DDS', 'https://via.placeholder.com/200x200.png/0044cc?text=finance+QR+Code+praesentium', 4, '2025-03-30 09:45:15', '2025-03-30 09:45:15'),
(9, 'BIDV', '8079778807', 'Agnes Moen', 'https://via.placeholder.com/200x200.png/009999?text=finance+QR+Code+consequatur', 5, '2025-03-30 09:45:15', '2025-03-30 09:45:15'),
(10, 'Techcombank', '5106055421', 'Dr. Bernie Ullrich DDS', 'https://via.placeholder.com/200x200.png/002211?text=finance+QR+Code+omnis', 5, '2025-03-30 09:45:15', '2025-03-30 09:45:15'),
(11, 'Momo', '5886138195', 'Rogers McLaughlin', 'https://via.placeholder.com/200x200.png/00cc55?text=finance+QR+Code+dolor', 5, '2025-03-30 09:45:15', '2025-03-30 09:45:15'),
(12, 'ZaloPay', '2077392977', 'Gilbert Olson', 'https://via.placeholder.com/200x200.png/0033dd?text=finance+QR+Code+enim', 6, '2025-03-30 09:45:15', '2025-03-30 09:45:15'),
(13, 'Momo', '0511876534', 'Norwood Streich', 'https://via.placeholder.com/200x200.png/007788?text=finance+QR+Code+quod', 6, '2025-03-30 09:45:15', '2025-03-30 09:45:15'),
(14, 'BIDV', '6511565995', 'Kody Wisozk DVM', 'https://via.placeholder.com/200x200.png/0033ff?text=finance+QR+Code+enim', 6, '2025-03-30 09:45:15', '2025-03-30 09:45:15'),
(15, 'BIDV', '8130654038', 'Marcia Heller', 'https://via.placeholder.com/200x200.png/0044dd?text=finance+QR+Code+sequi', 7, '2025-03-30 09:45:15', '2025-03-30 09:45:15'),
(16, 'Vietcombank', '9696130022', 'Prof. Cecil Funk I', 'https://via.placeholder.com/200x200.png/0000bb?text=finance+QR+Code+earum', 8, '2025-03-30 09:45:15', '2025-03-30 09:45:15'),
(17, 'BIDV', '6303133593', 'Selena Kuhlman DVM', 'https://via.placeholder.com/200x200.png/008800?text=finance+QR+Code+provident', 8, '2025-03-30 09:45:15', '2025-03-30 09:45:15'),
(18, 'ZaloPay', '6134242050', 'Dr. Anibal Halvorson', 'https://via.placeholder.com/200x200.png/002288?text=finance+QR+Code+est', 9, '2025-03-30 09:45:15', '2025-03-30 09:45:15'),
(19, 'Vietcombank', '6810678478', 'Lilly Langworth', 'https://via.placeholder.com/200x200.png/00cccc?text=finance+QR+Code+labore', 9, '2025-03-30 09:45:15', '2025-03-30 09:45:15'),
(20, 'ZaloPay', '0861105926', 'Ms. Emie Bailey IV', 'https://via.placeholder.com/200x200.png/005577?text=finance+QR+Code+perspiciatis', 9, '2025-03-30 09:45:15', '2025-03-30 09:45:15'),
(21, 'Vietcombank', '5591953624', 'Sandy Hackett', 'https://via.placeholder.com/200x200.png/0044bb?text=finance+QR+Code+vitae', 10, '2025-03-30 09:45:15', '2025-03-30 09:45:15'),
(22, 'Momo', '6533387325', 'Haley Funk', 'https://via.placeholder.com/200x200.png/0055dd?text=finance+QR+Code+quae', 10, '2025-03-30 09:45:15', '2025-03-30 09:45:15'),
(23, 'Techcombank', '5840377988', 'Ms. Abagail Ledner IV', 'https://via.placeholder.com/200x200.png/00bb77?text=finance+QR+Code+minima', 10, '2025-03-30 09:45:15', '2025-03-30 09:45:15'),
(24, 'Techcombank', '3102507877', 'Leonor Muller PhD', 'https://via.placeholder.com/200x200.png/004499?text=finance+QR+Code+voluptatem', 1, '2025-03-30 09:45:15', '2025-03-30 09:45:15'),
(25, 'BIDV', '1445551164', 'Prof. Derrick Nitzsche II', 'https://via.placeholder.com/200x200.png/0088cc?text=finance+QR+Code+tempore', 2, '2025-03-30 09:45:15', '2025-03-30 09:45:15'),
(26, 'Momo', '2144078426', 'Chasity Rolfson', 'https://via.placeholder.com/200x200.png/00ee77?text=finance+QR+Code+est', 2, '2025-03-30 09:45:15', '2025-03-30 09:45:15'),
(27, 'BIDV', '0333980356', 'Jennifer Braun', 'https://via.placeholder.com/200x200.png/00ffdd?text=finance+QR+Code+quia', 7, '2025-03-30 09:45:15', '2025-03-30 09:45:15'),
(28, 'BIDV', '2468813816', 'Damion Vandervort', 'https://via.placeholder.com/200x200.png/00cc66?text=finance+QR+Code+praesentium', 6, '2025-03-30 09:45:15', '2025-03-30 09:45:15'),
(29, 'Vietcombank', '0811811737', 'Prof. Jay Dietrich', 'https://via.placeholder.com/200x200.png/00cc77?text=finance+QR+Code+tempora', 3, '2025-03-30 09:45:15', '2025-03-30 09:45:15'),
(30, 'Techcombank', '7199409870', 'Prof. Deon Hayes', 'https://via.placeholder.com/200x200.png/004499?text=finance+QR+Code+dolorem', 3, '2025-03-30 09:45:15', '2025-03-30 09:45:15'),
(31, 'Momo', '2921570346', 'Mr. Lewis Sauer', 'https://via.placeholder.com/200x200.png/009999?text=finance+QR+Code+neque', 4, '2025-03-30 09:45:15', '2025-03-30 09:45:15'),
(32, 'ZaloPay', '3476030056', 'Althea Weissnat IV', 'https://via.placeholder.com/200x200.png/00aa88?text=finance+QR+Code+fugiat', 6, '2025-03-30 09:45:15', '2025-03-30 09:45:15'),
(33, 'BIDV', '6165988252', 'Gust Dicki III', 'https://via.placeholder.com/200x200.png/00aa33?text=finance+QR+Code+qui', 10, '2025-03-30 09:45:15', '2025-03-30 09:45:15'),
(34, 'Techcombank', '3224018112', 'Larue Konopelski', 'https://via.placeholder.com/200x200.png/007744?text=finance+QR+Code+omnis', 7, '2025-03-30 09:45:15', '2025-03-30 09:45:15'),
(35, 'Vietcombank', '1543802816', 'Prof. Samantha Tromp', 'https://via.placeholder.com/200x200.png/005577?text=finance+QR+Code+ipsam', 6, '2025-03-30 09:45:15', '2025-03-30 09:45:15'),
(36, 'Momo', '9409207561', 'Jamil Powlowski', 'https://via.placeholder.com/200x200.png/004411?text=finance+QR+Code+earum', 5, '2025-03-30 09:45:15', '2025-03-30 09:45:15'),
(37, 'Vietcombank', '7358937762', 'Ms. Mariela Mills DVM', 'https://via.placeholder.com/200x200.png/00aaee?text=finance+QR+Code+corporis', 5, '2025-03-30 09:45:15', '2025-03-30 09:45:15'),
(38, 'Vietcombank', '7233267866', 'Prof. Haylee Weissnat', 'https://via.placeholder.com/200x200.png/0055dd?text=finance+QR+Code+quia', 10, '2025-03-30 09:45:15', '2025-03-30 09:45:15'),
(39, 'ZaloPay', '1473986394', 'Prof. Emmanuelle Kris', 'https://via.placeholder.com/200x200.png/00ff55?text=finance+QR+Code+et', 1, '2025-03-30 09:45:15', '2025-03-30 09:45:15'),
(40, 'Techcombank', '2736127634', 'Aletha Kshlerin', 'https://via.placeholder.com/200x200.png/00bb33?text=finance+QR+Code+ratione', 5, '2025-03-30 09:45:15', '2025-03-30 09:45:15'),
(41, 'Vietcombank', '1695396277', 'Shawna Fisher', 'https://via.placeholder.com/200x200.png/004466?text=finance+QR+Code+iusto', 1, '2025-03-30 09:45:15', '2025-03-30 09:45:15'),
(42, 'Momo', '7868770270', 'Mrs. Amara Howell III', 'https://via.placeholder.com/200x200.png/005566?text=finance+QR+Code+quisquam', 9, '2025-03-30 09:45:15', '2025-03-30 09:45:15'),
(43, 'Momo', '9491004589', 'Prof. Kamren Roberts', 'https://via.placeholder.com/200x200.png/003399?text=finance+QR+Code+fuga', 3, '2025-03-30 09:45:15', '2025-03-30 09:45:15'),
(44, 'Momo', '1945494638', 'Kale Hegmann', 'https://via.placeholder.com/200x200.png/005555?text=finance+QR+Code+non', 5, '2025-03-30 09:45:15', '2025-03-30 09:45:15'),
(45, 'BIDV', '6018436701', 'Shanie Grimes', 'https://via.placeholder.com/200x200.png/00ccff?text=finance+QR+Code+amet', 3, '2025-03-30 09:45:15', '2025-03-30 09:45:15'),
(46, 'ZaloPay', '2754718044', 'Bertram Halvorson', 'https://via.placeholder.com/200x200.png/001111?text=finance+QR+Code+ad', 8, '2025-03-30 09:45:15', '2025-03-30 09:45:15'),
(47, 'Momo', '9153626394', 'Renee Brakus', 'https://via.placeholder.com/200x200.png/00cc22?text=finance+QR+Code+eaque', 3, '2025-03-30 09:45:15', '2025-03-30 09:45:15'),
(48, 'Techcombank', '2396233224', 'Lera Reichert PhD', 'https://via.placeholder.com/200x200.png/0077dd?text=finance+QR+Code+consectetur', 8, '2025-03-30 09:45:15', '2025-03-30 09:45:15'),
(49, 'Momo', '0088445930', 'Fay Corkery', 'https://via.placeholder.com/200x200.png/0033aa?text=finance+QR+Code+accusantium', 6, '2025-03-30 09:45:15', '2025-03-30 09:45:15'),
(50, 'Techcombank', '2204440824', 'Lupe Hessel', 'https://via.placeholder.com/200x200.png/00bbff?text=finance+QR+Code+quisquam', 6, '2025-03-30 09:45:15', '2025-03-30 09:45:15'),
(51, 'BIDV', '4010463035', 'Clair Schinner', 'https://via.placeholder.com/200x200.png/005533?text=finance+QR+Code+ut', 2, '2025-03-30 09:45:15', '2025-03-30 09:45:15'),
(52, 'ZaloPay', '6206346091', 'Gustave D\'Amore', 'https://via.placeholder.com/200x200.png/001155?text=finance+QR+Code+et', 6, '2025-03-30 09:45:15', '2025-03-30 09:45:15');

-- --------------------------------------------------------

--
-- Cấu trúc bảng cho bảng `thongbao`
--

CREATE TABLE `thongbao` (
  `maTB` int(11) NOT NULL,
  `tieuDe` varchar(255) NOT NULL,
  `url` varchar(255) NOT NULL,
  `tgBatDau` datetime NOT NULL,
  `tgKetThuc` datetime NOT NULL,
  `created_at` timestamp NULL DEFAULT NULL,
  `updated_at` timestamp NULL DEFAULT NULL
) ENGINE=InnoDB DEFAULT CHARSET=utf8 COLLATE=utf8_unicode_ci;

--
-- Đang đổ dữ liệu cho bảng `thongbao`
--

INSERT INTO `thongbao` (`maTB`, `tieuDe`, `url`, `tgBatDau`, `tgKetThuc`, `created_at`, `updated_at`) VALUES
(1, 'Sit dolores culpa labore quam.', 'https://runolfsdottir.com/voluptatem-et-et-vel-neque-magni-ut-porro-occaecati.html', '2025-03-30 16:45:12', '2025-04-07 16:45:12', '2025-03-30 09:45:12', '2025-03-30 09:45:12'),
(2, 'Mollitia natus enim ut quo doloremque quasi.', 'http://davis.biz/consequatur-qui-voluptatem-molestiae-nostrum-vitae-sequi', '2025-03-30 16:45:12', '2025-04-03 16:45:12', '2025-03-30 09:45:12', '2025-03-30 09:45:12'),
(3, 'Et est cupiditate et est eum.', 'http://orn.com/architecto-odit-autem-ullam-doloremque-et', '2025-03-30 16:45:12', '2025-04-03 16:45:12', '2025-03-30 09:45:12', '2025-03-30 09:45:12'),
(4, 'Cum debitis dicta nostrum in voluptatibus laborum veniam.', 'http://www.breitenberg.com/', '2025-03-30 16:45:12', '2025-04-03 16:45:12', '2025-03-30 09:45:12', '2025-03-30 09:45:12'),
(5, 'Quibusdam ipsum accusamus et cupiditate.', 'http://prosacco.com/', '2025-03-30 16:45:12', '2025-04-08 16:45:12', '2025-03-30 09:45:12', '2025-03-30 09:45:12'),
(6, 'Veritatis itaque debitis et repellat.', 'http://morar.net/dolorem-quia-placeat-ea-et-assumenda-minus-omnis-facilis', '2025-03-30 16:45:12', '2025-04-03 16:45:12', '2025-03-30 09:45:12', '2025-03-30 09:45:12'),
(7, 'Modi rerum nulla ipsa incidunt eius sed et.', 'http://www.tromp.com/iusto-sed-quis-fuga-reprehenderit-dolorem', '2025-03-30 16:45:12', '2025-04-03 16:45:12', '2025-03-30 09:45:12', '2025-03-30 09:45:12'),
(8, 'Eveniet enim impedit sequi id cumque necessitatibus.', 'http://bogisich.biz/facilis-tempora-et-nihil-ipsam-qui', '2025-03-30 16:45:12', '2025-04-01 16:45:12', '2025-03-30 09:45:13', '2025-03-30 09:45:13'),
(9, 'Error porro et doloribus ut.', 'http://www.johnson.info/', '2025-03-30 16:45:12', '2025-04-09 16:45:12', '2025-03-30 09:45:13', '2025-03-30 09:45:13'),
(10, 'Et earum debitis ex.', 'http://www.ankunding.biz/sint-mollitia-magnam-ipsa-sit-sunt-impedit-nihil', '2025-03-30 16:45:12', '2025-04-02 16:45:12', '2025-03-30 09:45:13', '2025-03-30 09:45:13');

--
-- Chỉ mục cho các bảng đã đổ
--

--
-- Chỉ mục cho bảng `calam`
--
ALTER TABLE `calam`
  ADD PRIMARY KEY (`maCL`);

--
-- Chỉ mục cho bảng `chitietcalam`
--
ALTER TABLE `chitietcalam`
  ADD PRIMARY KEY (`maCTCL`),
  ADD KEY `chitietcalam_macl_foreign` (`maCL`);

--
-- Chỉ mục cho bảng `hopthoai`
--
ALTER TABLE `hopthoai`
  ADD PRIMARY KEY (`maHT`);

--
-- Chỉ mục cho bảng `lichlamviec`
--
ALTER TABLE `lichlamviec`
  ADD PRIMARY KEY (`maLLV`),
  ADD KEY `lichlamviec_manv_foreign` (`maNV`);

--
-- Chỉ mục cho bảng `luong`
--
ALTER TABLE `luong`
  ADD PRIMARY KEY (`maLuong`);

--
-- Chỉ mục cho bảng `ngayle`
--
ALTER TABLE `ngayle`
  ADD PRIMARY KEY (`maNL`);

--
-- Chỉ mục cho bảng `nhanvien`
--
ALTER TABLE `nhanvien`
  ADD PRIMARY KEY (`maNV`),
  ADD UNIQUE KEY `nhanvien_matk_unique` (`maTK`),
  ADD UNIQUE KEY `nhanvien_sodienthoai_unique` (`soDienThoai`),
  ADD UNIQUE KEY `nhanvien_email_unique` (`email`),
  ADD KEY `nhanvien_maluong_foreign` (`maLuong`);

--
-- Chỉ mục cho bảng `taikhoan`
--
ALTER TABLE `taikhoan`
  ADD PRIMARY KEY (`maTK`),
  ADD UNIQUE KEY `taikhoan_tentaikhoan_unique` (`tenTaiKhoan`);

--
-- Chỉ mục cho bảng `tailieu`
--
ALTER TABLE `tailieu`
  ADD PRIMARY KEY (`maTL`);

--
-- Chỉ mục cho bảng `thanhtoan`
--
ALTER TABLE `thanhtoan`
  ADD PRIMARY KEY (`maTT`),
  ADD KEY `thanhtoan_manv_foreign` (`maNV`);

--
-- Chỉ mục cho bảng `thongbao`
--
ALTER TABLE `thongbao`
  ADD PRIMARY KEY (`maTB`);

--
-- AUTO_INCREMENT cho các bảng đã đổ
--

--
-- AUTO_INCREMENT cho bảng `calam`
--
ALTER TABLE `calam`
  MODIFY `maCL` int(11) NOT NULL AUTO_INCREMENT, AUTO_INCREMENT=4;

--
-- AUTO_INCREMENT cho bảng `chitietcalam`
--
ALTER TABLE `chitietcalam`
  MODIFY `maCTCL` int(11) NOT NULL AUTO_INCREMENT, AUTO_INCREMENT=9;

--
-- AUTO_INCREMENT cho bảng `hopthoai`
--
ALTER TABLE `hopthoai`
  MODIFY `maHT` int(11) NOT NULL AUTO_INCREMENT, AUTO_INCREMENT=4;

--
-- AUTO_INCREMENT cho bảng `lichlamviec`
--
ALTER TABLE `lichlamviec`
  MODIFY `maLLV` int(11) NOT NULL AUTO_INCREMENT, AUTO_INCREMENT=134;

--
-- AUTO_INCREMENT cho bảng `luong`
--
ALTER TABLE `luong`
  MODIFY `maLuong` int(11) NOT NULL AUTO_INCREMENT, AUTO_INCREMENT=7;

--
-- AUTO_INCREMENT cho bảng `ngayle`
--
ALTER TABLE `ngayle`
  MODIFY `maNL` int(11) NOT NULL AUTO_INCREMENT, AUTO_INCREMENT=6;

--
-- AUTO_INCREMENT cho bảng `nhanvien`
--
ALTER TABLE `nhanvien`
  MODIFY `maNV` int(11) NOT NULL AUTO_INCREMENT, AUTO_INCREMENT=11;

--
-- AUTO_INCREMENT cho bảng `taikhoan`
--
ALTER TABLE `taikhoan`
  MODIFY `maTK` int(11) NOT NULL AUTO_INCREMENT, AUTO_INCREMENT=11;

--
-- AUTO_INCREMENT cho bảng `tailieu`
--
ALTER TABLE `tailieu`
  MODIFY `maTL` int(11) NOT NULL AUTO_INCREMENT, AUTO_INCREMENT=11;

--
-- AUTO_INCREMENT cho bảng `thanhtoan`
--
ALTER TABLE `thanhtoan`
  MODIFY `maTT` int(11) NOT NULL AUTO_INCREMENT, AUTO_INCREMENT=53;

--
-- AUTO_INCREMENT cho bảng `thongbao`
--
ALTER TABLE `thongbao`
  MODIFY `maTB` int(11) NOT NULL AUTO_INCREMENT, AUTO_INCREMENT=11;

--
-- Các ràng buộc cho các bảng đã đổ
--

--
-- Các ràng buộc cho bảng `chitietcalam`
--
ALTER TABLE `chitietcalam`
  ADD CONSTRAINT `chitietcalam_macl_foreign` FOREIGN KEY (`maCL`) REFERENCES `calam` (`maCL`) ON DELETE CASCADE;

--
-- Các ràng buộc cho bảng `lichlamviec`
--
ALTER TABLE `lichlamviec`
  ADD CONSTRAINT `lichlamviec_manv_foreign` FOREIGN KEY (`maNV`) REFERENCES `nhanvien` (`maNV`) ON DELETE CASCADE;

--
-- Các ràng buộc cho bảng `nhanvien`
--
ALTER TABLE `nhanvien`
  ADD CONSTRAINT `nhanvien_maluong_foreign` FOREIGN KEY (`maLuong`) REFERENCES `luong` (`maLuong`) ON DELETE CASCADE,
  ADD CONSTRAINT `nhanvien_matk_foreign` FOREIGN KEY (`maTK`) REFERENCES `taikhoan` (`maTK`) ON DELETE CASCADE;

--
-- Các ràng buộc cho bảng `thanhtoan`
--
ALTER TABLE `thanhtoan`
  ADD CONSTRAINT `thanhtoan_manv_foreign` FOREIGN KEY (`maNV`) REFERENCES `nhanvien` (`maNV`) ON DELETE CASCADE;
COMMIT;

/*!40101 SET CHARACTER_SET_CLIENT=@OLD_CHARACTER_SET_CLIENT */;
/*!40101 SET CHARACTER_SET_RESULTS=@OLD_CHARACTER_SET_RESULTS */;
/*!40101 SET COLLATION_CONNECTION=@OLD_COLLATION_CONNECTION */;
